{
  "view/InvoiceList.view.xml": 1706849314194,
  "controller/InvoiceList.controller.js": 1706844234276,
  "Invoices.json": 1706756998260,
  "model/models.js": 1706574228195,
  "model/formatter.js": 1706758063267,
  "controller/OtherDetail.controller.js": 1706846180995,
  "manifest.json": 1707292057989,
  "controller/Homepage.controller.js": 1706850501986,
  "controller/HelloPanel.controller.js": 1706766567307,
  "controller/ExercisePanel1.controller.js": 1706767622939,
  "controller/Detail.controller.js": 1706849901354,
  "controller/App.controller.js": 1706673123040,
  "control/ProductRating.js": 1706848667194,
  "index.js": 1706751430414,
  "Component.js": 1707277897737,
  "Component-preload.js": 1707292058388,
  "model/formatter-dbg.js": 1706758063267,
  "model/models-dbg.js": 1706574228195,
  "controller/OtherDetail-dbg.controller.js": 1706846180995,
  "controller/InvoiceList-dbg.controller.js": 1706844234276,
  "controller/Homepage-dbg.controller.js": 1706850501986,
  "controller/HelloPanel-dbg.controller.js": 1706766567307,
  "controller/ExercisePanel1-dbg.controller.js": 1706767622939,
  "controller/Detail-dbg.controller.js": 1706849901354,
  "controller/App-dbg.controller.js": 1706673123040,
  "control/ProductRating-dbg.js": 1706848667194,
  "index-dbg.js": 1706751430414,
  "Component-dbg.js": 1707277897737,
  "view/OtherDetail.view.xml": 1706845594506,
  "i18n/i18n.properties": 1706849939674,
  "view/Homepage.view.xml": 1706841293926,
  "view/HelloPanel.view.xml": 1706849682041,
  "view/HelloDialog.fragment.xml": 1706757007115,
  "view/Exercise1Panel.view.xml": 1706767554111,
  "view/Exercise1Dialog.fragment.xml": 1706767673515,
  "view/Detail.view.xml": 1706849851383,
  "view/App.view.xml": 1706667491633,
  "css/style.css": 1706848887143,
  "index.html": 1706689459949
}